Year,Country,Latitude,Longitude,Admin
2018,BOLIVIA,-21.39655947,-64.35609693,1
2018,BRAZIL,-17.58467577,-44.54050805,1
2018,BRAZIL,-19.91755147,-43.94070631,1
2018,BRAZIL,-12.7218272,-55.63437382,1
2018,COSTA RICA,10.37852101,-84.20720214,0
2018,FRANCE,43.9221569,1.986233135,1
2018,GUATEMALA,14.85758257,-91.51628134,1
2018,HONDURAS,14.75683196,-86.90409148,0
2018,INDIA,25.59181416,85.1404343,1
2018,INDIA,28.67654747,77.2278059,1
2018,INDIA,18.51939493,73.85438221,2
2018,JAMAICA,18.15506527,-77.28724367,0
2018,KENYA,-4.035528217,39.67141075,1
2018,MEXICO,17.03587861,-93.15133755,1
2018,MEXICO,19.18765185,-101.3683309,1
2018,MEXICO,18.45134461,-95.20244661,1
2018,MEXICO,24.95743266,-104.5471383,1
2018,MEXICO,17.86557878,-99.51413452,1
2018,MEXICO,20.1793678,-104.0310826,1
2018,MEXICO,21.96748912,-104.7544434,1
2018,MEXICO,18.69864756,-99.10187122,1
2018,MEXICO,20.58779378,-99.17456135,1
2018,MOZAMBIQUE,-19.18487847,34.85711632,1
2018,MOZAMBIQUE,-12.31742952,39.35069577,1
2018,PUERTO RICO,18.25548537,-66.46657199,0
2018,SUDAN,15.46007267,36.41135484,1
2018,SUDAN,19.59545386,37.2084436,1
2018,SUDAN,18.4666676,30.20026578,1
2018,TANZANIA,-5.087050609,39.10251385,1
2018,USA,36.48091047,-119.7968448,1
2018,USA,38.93756324,-75.40998463,1
2018,USA,27.85313764,-81.94669736,1
2018,USA,32.61190917,-83.31212928,1
2018,USA,40.2061314,-89.53180713,1
2018,USA,37.46169888,-85.03388831,1
2018,USA,30.78592522,-91.84240301,1
2018,USA,45.05022446,-69.12904813,1
2018,USA,39.55349149,-76.98856932,1
2018,USA,46.19231508,-94.52730023,1
2018,USA,38.28330417,-92.36190121,1
2018,USA,39.52616066,-74.76485488,1
2018,USA,40.71770335,-74.0050936,1
2018,USA,35.68702945,-79.42341241,1
2018,USA,40.33335856,-82.92353182,1
2018,USA,43.83098828,-120.419986,1
2018,USA,40.87130516,-77.84794944,1
2018,USA,33.86007502,-80.55502899,1
2018,USA,31.63503402,-99.58022531,1
2018,USA,39.12966343,-111.7793824,1
2018,USA,37.37342142,-78.29105588,1
2018,USA,47.3181887,-119.9166764,1
2019,BRAZIL,-19.91779576,-43.93858124,1
2019,BRAZIL,-27.07540269,-50.97589147,1
2019,BRAZIL,-12.7218272,-55.63437382,1
2019,ETHIOPIA,9.602078336,41.85091763,1
2019,HONDURAS,15.13808965,-87.12668911,1
2019,MEXICO,20.31748493,-88.98738297,1
2019,SUDAN,14.02328769,35.38838648,1
2019,SUDAN,11.35579772,24.51467389,1
2019,THAILAND,6.871048426,101.2504551,1
2019,SUDAN,17.11631613,33.79856346,1
2019,SUDAN,15.50815064,32.55920475,1
2019,MEXICO,30.32956029,-110.5213152,1
2019,BOLIVIA,-17.4130572,-66.1655927,1
2019,BOLIVIA,-17.77907174,-63.18094507,3
2019,BRAZIL,-12.41565256,-41.8841148,1
2019,BRAZIL,1.603101248,-61.23735739,1
2019,BRAZIL,-22.69210521,-43.10547555,1
2019,THAILAND,6.199916278,101.2355635,1
2019,THAILAND,7.988948057,98.33624899,1
2019,INDIA,23.03724377,72.55776166,1
2018,MEXICO,25.22597859,-107.6749903,1
2018,MEXICO,20.31748493,-88.98738297,1
2018,BRAZIL,-22.69210521,-43.10547555,1
2019,BRAZIL,-7.08065,-37.12417773,1
2019,BRAZIL,-4.838648407,-39.25096969,1
2019,REPUBLIC OF THE CONGO,-4.135546383,11.89273398,1
2019,DEMOCRATIC REPUBLIC OF THE CONGO,-4.43381924,15.27364726,1
2019,THAILAND,7.010964279,100.4746913,2
2019,THAILAND,7.975755944,98.27804252,3
2019,JAMAICA,18.15506527,-77.28724367,0
2019,PARAGUAY,-23.19920929,-58.66157797,0
2019,REPUBLIC OF THE CONGO,-4.268183471,14.35874453,2
2019,DEMOCRATIC REPUBLIC OF THE CONGO,-4.589001176,15.16757002,2
2019,MALAYSIA,3.100803233,101.4810984,1
2019,MALAYSIA,2.193807888,102.2515015,1
2019,MALAYSIA,6.139819815,102.2592371,1
2019,MALAYSIA,6.441082244,100.2162388,1
2019,BAHAMAS,25.12969091,-77.37271692,1
2019,BAHAMAS,24.61177916,-76.8165352,3
2019,BRAZIL,-7.530210329,-42.65852705,1
2019,REPUBLIC OF THE CONGO,-4.623171762,11.84288743,3
2019,MEXICO,20.23070376,-89.06774587,1
2019,BRAZIL,-7.580267009,-42.53850047,1
2019,EL SALVADOR,14.04152438,-88.93887527,1
2019,EL SALVADOR,13.95791493,-88.82205959,1
2019,EL SALVADOR,13.9254014,-89.84117041,1
2019,EL SALVADOR,13.70762678,-89.73705518,1
2019,REPUBLIC OF THE CONGO,-4.622786781,11.84262994,2
2019,THAILAND,6.896358683,100.5509896,1
2019,THAILAND,16.82237507,100.2653658,2
2019,USA,36.47451137,-119.7913994,1
2019,USA,38.93756324,-75.40998463,1
2019,USA,27.85313764,-81.94669736,1
2019,USA,32.61190917,-83.31212928,1
2019,USA,40.2061314,-89.53180713,1
2019,USA,37.46169888,-85.03388831,1
2019,USA,30.78592522,-91.84240301,1
2019,USA,45.05022446,-69.12904813,1
2019,USA,39.55349149,-76.98856932,1
2019,USA,42.51426002,-71.89329947,1
2019,USA,46.19231508,-94.52730023,1
2019,USA,38.28330417,-92.36190121,1
2019,USA,39.52616066,-74.76485488,1
2019,USA,40.71770335,-74.0050936,1
2019,USA,35.68702945,-79.42341241,1
2019,USA,40.33335856,-82.92353182,1
2019,USA,43.83098828,-120.419986,1
2019,USA,40.87130516,-77.84794944,1
2019,USA,33.86007502,-80.55502899,1
2019,USA,31.63503402,-99.58022531,1
2019,USA,39.12966343,-111.7793824,1
2019,USA,37.37342142,-78.29105588,1
2019,USA,47.3181887,-119.9166764,1
2019,PUERTO RICO,18.25548537,-66.46657199,0
2019,BRAZIL,-20.12984795,-40.3061378,1
2019,BRAZIL,-23.47047437,-47.48283617,2
2019,BRAZIL,-22.01169291,-47.88764625,2
2019,BRAZIL,-17.49915751,-44.54149403,1
2019,BRAZIL,-21.76210689,-41.31340746,2
2019,BRAZIL,-22.54164392,-44.17672486,2
2019,BRAZIL,-3.72822077,-38.52270678,2
2019,BRAZIL,12.29672288,76.64118255,2
2019,BRAZIL,11.58905659,78.68221405,2
2019,MALDIVES,-0.492259983,72.90852864,0
2019,REPUBLIC OF THE CONGO,-4.108611936,13.71608297,1
2019,REPUBLIC OF THE CONGO,-4.765732257,11.86725095,2
2019,REPUBLIC OF THE CONGO,-2.946682685,12.89348955,2
2019,REPUBLIC OF THE CONGO,-3.184141453,12.25401942,2
2019,REPUBLIC OF THE CONGO,-4.264995484,15.23649055,1
2019,REPUBLIC OF THE CONGO,-3.171774907,13.35139248,1
2019,INDONESIA,-6.400130103,106.7939362,2
2019,INDIA,12.12141439,78.15826475,2
2019,INDIA,11.6668399,78.15031185,2
2019,INDIA,10.38417284,78.80317596,2
2019,INDIA,9.363508306,78.84245067,2
2019,INDIA,11.340565,77.7155682,2
2019,INDIA,10.79004395,78.70997028,2
2019,INDIA,9.927811549,78.11870337,2
2019,BRAZIL,-11.7246655,-61.77785679,2
2019,BRAZIL,-22.41811768,-42.95912505,2
2019,BRAZIL,-23.42317426,-51.9304413,2
2019,PERU,-5.179408095,-80.65204382,1
2019,MALAYSIA,6.127546727,100.3747394,1
2019,BRAZIL,16.23935226,-22.77212147,3
2019,MALAYSIA,4.531511472,101.1322689,2
2019,CHINA,22.31074354,114.1757588,1
2019,COLOMBIA,10.69672638,-74.87344367,1
2019,BRAZIL,-9.618030676,-36.45134142,1
2019,BRAZIL,-4.906328111,-45.3147388,1
2019,TAIWAN,23.40922619,121.2139838,0
2019,THAILAND,8.912029216,98.98384355,1
2019,USA,34.39303815,-111.558763,1
2019,USA,19.90989124,-159.2412924,3
2019,USA,34.06396051,-105.8518125,1
2019,USA,41.42152276,-71.30390638,1
2019,USA,44.71511458,-89.52658941,1
2019,USA,42.96235893,-107.7314824,1
2019,INDIA,23.25776033,77.41618955,1
2019,INDIA,15.41128474,79.66016425,2
2019,FRANCE,44.83888615,-0.58051921,1
2019,SPAIN,40.42146887,-3.703570608,1
2019,HONDURAS,14.06143414,-87.16961087,1
2019,HONDURAS,15.49295599,-88.09015938,1
2019,HONDURAS,14.92154525,-88.23788868,1
2019,MYANMAR,19.76363939,96.07939683,1
2020,MYANMAR,25.85732169,97.43279461,1
2021,MYANMAR,12.46939175,99.0165691,3
2016,MEXICO,18.52318514,-95.45398636,1
2016,MEXICO,17.88217386,-99.67011144,1
2016,MEXICO,19.19293809,-101.551739,1
2016,MEXICO,20.25558167,-89.16327757,1
2016,MEXICO,17.88217386,-99.67011144,1
2016,MEXICO,30.33010308,-110.3860368,1
2016,JAMAICA,18.33950507,-77.28835348,1
2016,BOLIVIA,0.500042733,29.45194005,1
2016,BOLIVIA,-17.41435833,-66.15769799,1
2016,BOLIVIA,-17.80190472,-63.17097274,1
2016,PARAGUAY,-23.3624841,-58.15411465,0
2016,INDIA,18.52586674,73.87737797,1
2016,INDIA,14.75474149,75.86491537,1
2016,INDIA,20.39123152,77.63226415,1
2016,INDIA,28.62571407,77.19207493,1
2016,INDIA,23.80435443,85.32498051,1
2016,PUERTO RICO,18.23712065,-66.4457494,0
2016,PANAMA,9.052909654,-79.4950321,1
2016,BRAZIL,-12.07186501,-41.42292776,1
2016,BRAZIL,-8.322639809,-37.71727416,1
2016,BRAZIL,-22.7323081,-47.64793346,2
2016,BRAZIL,-22.73420801,-47.64244029,2
2016,BRAZIL,-23.61574045,-46.66602369,1
2016,BRAZIL,-8.061658744,-37.87108275,1
2016,BRAZIL,-7.843088218,-34.9056581,2
2016,BRAZIL,-8.044670979,-34.88529356,2
2016,NICARAGUA,12.98034813,-84.72345022,0
2016,PERU,-3.55406725,-80.44288388,-999
2016,COSTA RICA,10.38929593,-84.0425287,0
2016,EL SALVADOR,13.80280769,-88.46065466,0
2016,VENEZUELA,7.054740958,-65.59096931,0
2016,ARGENTINA,-24.81352074,-65.40831481,2
2016,US VIRGIN ISLANDS,17.81267534,-64.78325226,0
2016,COSTA RICA,9.976351067,-84.8414476,2
2016,PERU,-11.7016748,-70.71916926,2
2016,COLOMBIA,6.686560284,-73.45407339,1
2016,COLOMBIA,4.901999343,-74.20208915,1
2016,COLOMBIA,2.890423857,-75.21131163,1
2016,COLOMBIA,4.120733063,-75.18794744,1
2016,COLOMBIA,9.403871855,-75.3546137,1
2016,COLOMBIA,10.73887468,-74.87927634,1
2016,COLOMBIA,9.923924247,-75.09442034,1
2016,FRENCH GUIANA,4.632276297,-52.66570503,0
2016,TRINIDAD AND TOBAGO,10.44088986,-61.36616344,0
2016,FIJI,-17.76559274,178.0429516,0
2016,KENYA,3.159521178,42.05774631,1
2016,SOMALIA,3.927119171,41.87579498,-999
2016,PHILIPPINES,14.37874525,120.5812225,-999
2016,PHILIPPINES,10.16482895,124.8439887,2
2016,NEPAL,26.97621712,85.39386205,2
2016,HONG KONG,22.33215815,114.1619969,0
2016,PAKISTAN,25.63654886,68.19558693,1
2015,PUERTO RICO,18.23712065,-66.4457494,0
2015,USA,32.94436421,-86.60645094,1
2015,USA,66.04787432,-152.1456643,1
2015,USA,34.34079759,-111.9190738,1
2015,USA,34.70678181,-92.04348783,1
2015,USA,36.50496801,-119.2100707,1
2015,USA,39.32094084,-105.4712256,1
2015,USA,41.67610304,-72.35155463,1
2015,USA,27.61489015,-81.18069559,1
2015,USA,32.6720436,-83.18907541,1
2015,USA,19.59697037,-155.5637176,1
2015,USA,43.50900699,-114.2152495,1
2015,USA,40.19197297,-89.25280858,1
2015,USA,40.19121094,-86.11387681,1
2015,USA,42.01424498,-93.35329812,1
2015,USA,38.48180115,-98.32881086,1
2015,USA,37.42352792,-84.98620435,1
2015,USA,44.99585667,-69.09660491,1
2015,USA,39.55389532,-76.91599713,1
2015,USA,42.54342503,-71.50976395,1
2015,USA,43.8291466,-84.73873385,1
2015,USA,46.27815958,-94.50978069,1
2015,USA,33.52738524,-89.70328628,1
2015,USA,38.35695573,-92.59971167,1
2015,USA,46.84054526,-109.6172401,1
2015,USA,41.49577584,-99.16117014,1
2015,USA,39.76343254,-117.1416554,1
2015,USA,43.82969567,-71.35790935,1
2015,USA,40.26492958,-74.31838825,1
2015,USA,40.71279012,-73.8781978,1
2015,USA,35.66204207,-79.15417707,1
2015,USA,47.3801634,-100.3075594,1
2015,USA,40.30821874,-82.82521273,1
2015,USA,35.95850828,-96.74889724,1
2015,USA,43.80428648,-120.1505449,1
2015,USA,40.88039772,-77.59048298,1
2015,USA,41.71607013,-71.58868977,1
2015,USA,33.94519383,-80.38775745,1
2015,USA,35.67553516,-86.60352746,1
2015,USA,31.60604025,-99.42299256,1
2015,USA,39.10708562,-111.7311726,1
2015,USA,44.10342074,-72.77608039,1
2015,USA,37.30873504,-78.59487821,1
2015,USA,47.37906783,-119.6791518,1
2015,USA,44.71916486,-89.53184772,1
2015,US VIRGIN ISLANDS,17.81267534,-64.78325226,0
2015,HONDURAS,15.57170589,-88.07115581,1
2015,HONDURAS,-17.4961432,-63.02848346,1
2015,HONDURAS,-17.41468591,-66.15186143,-999
2015,HONDURAS,-21.51676301,-64.72886583,-999
2015,HONDURAS,-21.26587469,-63.45239851,-999
2015,HONDURAS,38.02124778,-1.097451954,-999
2015,HONDURAS,-20.16571631,-64.43403766,1
2015,COLOMBIA,6.686560284,-73.45407339,1
2015,COLOMBIA,4.901999343,-74.20208915,1
2015,COLOMBIA,2.890423857,-75.21131163,1
2015,COLOMBIA,4.120733063,-75.18794744,1
2015,COLOMBIA,9.403871855,-75.3546137,1
2015,COLOMBIA,10.73887468,-74.87927634,1
2015,COLOMBIA,9.923924247,-75.09442034,1
2015,ECUADOR,0.961880449,-79.64321905,1
2015,ECUADOR,-0.254915434,-79.17864797,1
2015,ECUADOR,-0.451340331,-80.04957261,1
2015,COOK ISLANDS,-21.2292629,-159.7738636,1
2015,KIRIBATI,1.845470431,-157.2791311,0
2015,BRAZIL,1.510703059,-52.06063422,1
2015,BRAZIL,-12.07186501,-41.42292776,1
2015,ECUADOR,-0.974838362,-80.70986027,2
2015,ECUADOR,-1.330533197,-79.51920958,1
2015,ECUADOR,-1.042904941,-80.44394084,2
2015,PARAGUAY,-25.32485281,-57.5486591,2
2015,PARAGUAY,-25.33605161,-57.61545899,2
2015,PARAGUAY,-25.24738292,-57.42515423,1
2015,PARAGUAY,-25.34350577,-57.51068313,2
2015,PARAGUAY,-25.26348004,-57.57869137,2
2015,MEXICO,17.88217386,-99.67011144,1
2015,PARAGUAY,-25.53210674,-57.46747448,1
2015,MEXICO,19.27672919,-90.32531376,1
2015,MEXICO,19.24197919,-103.7038908,2
2015,MEXICO,23.24893638,-106.4147263,2
2015,MEXICO,19.5527586,-99.04148368,2
2015,MEXICO,20.66366699,-105.2351695,2
2015,MEXICO,17.00598928,-93.04916311,1
2015,MEXICO,19.19293809,-101.551739,1
2015,MEXICO,19.25931828,-87.24813086,1
2015,MEXICO,18.4398274,-95.19031451,1
2015,BRAZIL,-10.83162626,-38.54110162,2
2015,BRAZIL,-11.95915831,-40.16801067,2
2015,BRAZIL,-15.22250619,-49.96397935,1
2015,BRAZIL,-20.38552022,-54.62810818,1
2015,BRAZIL,38.97065124,-0.183694638,2
2015,BRAZIL,-23.09745714,-48.9255623,-999
2015,SINGAPORE,1.356544817,103.851078,0
2015,HONDURAS,14.4481417,-87.64650307,2
2015,,14.76521899,-85.9299002,2
2015,,14.06468374,-87.17089792,2
2015,,14.289364,-87.24092805,1
2015,,14.76280589,-87.60528102,1
2015,PANAMA,9.052909654,-79.4950321,1
2015,PARAGUAY,-25.46243794,-56.00993153,1
2015,,-25.42241647,-56.45050863,1
2015,,-25.56754865,-54.82468802,1
2015,INDIA,13.43253472,79.96441241,1
2015,,13.05618341,80.21861538,2
2015,,9.982130517,76.64099126,1
2015,,17.91578174,79.21057927,1
2015,,12.94983194,77.5677306,2
2015,,19.07934311,84.64220829,-999
2015,,31.63129928,74.88776935,-999
2015,,31.21926233,75.76872253,2
2015,,14.75474149,75.86491537,1
2015,MEXICO,18.52318514,-95.45398636,1
2015,,17.66231249,-101.5881392,2
2015,,17.06149274,-96.74227613,-999
2015,,17.11370832,-96.7483695,-999
2015,,22.00188992,-104.8224277,1
2015,,22.0023795,-99.00348436,-999
2015,,19.93443108,-105.251226,2
2015,,27.47752925,-99.54579333,-999
2015,,22.89399695,-109.9288804,-999
2015,,19.50074626,-90.58549366,-999
2015,PERU,-3.55406725,-80.44288388,-999
2015,,-5.179063256,-80.65273239,2
2015,MARSHALL ISLANDS,7.065644377,171.27422,1
2015,FIJI,-17.76559274,178.0429516,0
2015,ARUBA,12.50826404,-69.99476413,0
2015,COSTA RICA,9.959234617,-84.1016669,-999
2015,COSTA RICA,10.47724626,-85.40739165,1
2015,COSTA RICA,9.991124068,-83.03681377,-999
2015,COSTA RICA,9.975167605,-84.84024597,-999
2015,VENEZUELA,3.650088107,-66.08471436,1
2015,VENEZUELA,8.588275335,-71.16720212,2
2015,CUBA,20.87959133,-76.25941025,2
2015,SPAIN,38.97065124,-0.183694638,-999
2015,PHILIPPINES,8.355494999,125.7318325,1
2015,PHILIPPINES,18.55786999,120.8724796,-999
2015,PHILIPPINES,7.205964409,122.2216558,2
2015,PHILIPPINES,6.220351611,124.9221934,1
2015,GUATEMALA,14.65539151,-90.60148447,2
2015,GUATEMALA,14.19341157,-90.41066768,1
2015,GUATEMALA,14.85100938,-91.51996986,2
2015,GUATEMALA,16.89062814,-89.8780643,1
2015,SENEGAL,12.56577692,-12.1692276,-999
2015,FRENCH GUIANA,4.972598313,-52.73200259,2
2015,THAILAND,15.32220512,100.9713901,0
2015,PUERTO RICO,18.23712065,-66.4457494,0
2015,USA,32.94436421,-86.60645094,1
2015,USA,66.04787432,-152.1456643,1
2015,USA,34.34079759,-111.9190738,1
2015,USA,34.70678181,-92.04348783,1
2015,USA,36.50496801,-119.2100707,1
2015,USA,39.32094084,-105.4712256,1
2015,USA,41.67610304,-72.35155463,1
2015,USA,27.61489015,-81.18069559,1
2015,USA,32.6720436,-83.18907541,1
2015,USA,19.59697037,-155.5637176,1
2015,USA,43.50900699,-114.2152495,1
2015,USA,40.19197297,-89.25280858,1
2015,USA,40.19121094,-86.11387681,1
2015,USA,42.01424498,-93.35329812,1
2015,USA,38.48180115,-98.32881086,1
2015,USA,37.42352792,-84.98620435,1
2015,USA,44.99585667,-69.09660491,1
2015,USA,39.55389532,-76.91599713,1
2015,USA,42.54342503,-71.50976395,1
2015,USA,43.8291466,-84.73873385,1
2015,USA,46.27815958,-94.50978069,1
2015,USA,33.52738524,-89.70328628,1
2015,USA,38.35695573,-92.59971167,1
2015,USA,46.84054526,-109.6172401,1
2015,USA,41.49577584,-99.16117014,1
2015,USA,39.76343254,-117.1416554,1
2015,USA,43.82969567,-71.35790935,1
2015,USA,40.26492958,-74.31838825,1
2015,USA,40.71279012,-73.8781978,1
2015,USA,35.66204207,-79.15417707,1
2015,USA,47.3801634,-100.3075594,1
2015,USA,40.30821874,-82.82521273,1
2015,USA,35.95850828,-96.74889724,1
2015,USA,43.80428648,-120.1505449,1
2015,USA,40.88039772,-77.59048298,1
2015,USA,41.71607013,-71.58868977,1
2015,USA,33.94519383,-80.38775745,1
2015,USA,35.67553516,-86.60352746,1
2015,USA,31.60604025,-99.42299256,1
2015,USA,39.10708562,-111.7311726,1
2015,USA,44.10342074,-72.77608039,1
2015,USA,37.30873504,-78.59487821,1
2015,USA,47.37906783,-119.6791518,1
2015,USA,44.71916486,-89.53184772,1
2015,US VIRGIN ISLANDS,17.81267534,-64.78325226,0
2017,ARGENTINA,-23.21024581,-64.09809862,2
2017,ARGENTINA,-22.5955383,-63.81248932,2
2017,ARGENTINA,-22.51714478,-63.80343257,2
2017,BANGLADESH,23.82592173,90.41626663,2
2017,BOLIVIA,-17.31507031,-62.88819988,1
2017,BRAZIL,-10.92680667,-37.07363729,3
2017,BRAZIL,-4.692413248,-39.60264623,1
2017,BRAZIL,-17.33646264,-44.64384965,1
2017,BRAZIL,1.723856209,-61.3624885,1
2017,BRAZIL,-2.44112863,-54.71267615,2
2017,BRAZIL,-15.64997365,-56.13838568,2
2017,CHINA,23.83827114,114.5464407,1
2017,COLOMBIA,5.016669408,-74.1604571,2
2017,COLOMBIA,3.038880417,-75.3207929,2
2017,COLOMBIA,6.793592136,-73.42762735,2
2017,COLOMBIA,4.35632109,-75.24943959,2
2017,COLOMBIA,3.618663481,-76.5725459,2
2017,COSTA RICA,10.37702736,-84.29963903,0
2017,ECUADOR,-1.200331216,-78.55902739,0
2017,EL SALVADOR,13.7778198,-88.74924374,0
2017,FRANCE,43.40352583,6.345927143,3
2017,FRANCE,43.46605399,6.425693216,3
2017,GUADELOUPE,16.24323608,-61.54818968,0
2017,HONDURAS,14.84546147,-87.02198288,0
2017,INDIA,23.03509241,72.55296036,3
2017,INDIA,14.99059135,79.1191419,1
2017,INDIA,26.53893622,92.64480171,1
2017,INDIA,18.16347771,74.55583254,3
2017,INDIA,18.14634381,73.84334912,3
2017,INDIA,30.73611375,76.77554539,1
2017,INDIA,28.70851772,77.20728916,3
2017,INDIA,29.17061228,76.1157398,1
2017,INDIA,14.81249891,75.72815663,1
2017,INDIA,30.90729363,75.84525899,3
2017,INDIA,19.09165973,72.87088587,3
2017,INDIA,20.01128862,73.78905939,3
2017,INDIA,21.68196811,75.12229421,3
2017,INDIA,30.34347376,75.00730459,1
2017,INDIA,11.64667917,78.6754912,1
2017,INDIA,8.53334866,76.9344673,3
2017,ITALY,41.44961816,12.61898053,3
2017,ITALY,44.78431474,10.87881599,3
2017,ITALY,38.48119012,16.57663042,3
2017,ITALY,44.58803698,10.65733606,1
2017,ITALY,41.47551129,12.8954733,1
2017,ITALY,43.42641045,13.11143393,1
2017,ITALY,41.9080635,12.4846706,3
2017,MARTINIQUE,14.65202741,-61.02201523,0
2017,MEXICO,20.1750558,-104.0515625,1
2017,MEXICO,19.70607894,-101.1930775,2
2017,MEXICO,24.24039939,-98.87405113,1
2017,NEPAL,27.67287582,85.42989088,2
2017,NEPAL,27.56338153,84.44008521,2
2017,NEPAL,27.98737797,83.76205717,2
2017,NICARAGUA,12.84729004,-84.96428344,0
2017,PAKISTAN,24.86945614,67.39797588,3
2017,PAKISTAN,24.94045805,67.03776753,3
2017,PAKISTAN,24.87923325,67.10159682,3
2017,PAKISTAN,24.88515591,67.01425427,3
2017,PAKISTAN,24.95072658,66.90815067,3
2017,PAKISTAN,34.11747765,72.68874389,3
2017,PAKISTAN,25.1351473,62.32397965,2
2017,PAKISTAN,24.79502577,67.14365894,3
2017,PAKISTAN,33.70469974,73.04361901,2
2017,PAKISTAN,24.89110651,66.99926805,2
2017,PAKISTAN,24.87556933,66.78384532,3
2017,PAKISTAN,34.01971064,71.53455532,1
2017,PAKISTAN,24.83950431,67.12036145,3
2017,PAKISTAN,24.8786043,67.00987462,3
2017,PAKISTAN,24.89389185,67.21699275,3
2017,PAKISTAN,24.95252528,67.00136406,3
2017,PAKISTAN,25.25697577,63.41345188,2
2017,PAKISTAN,31.18466417,72.88423587,1
2017,PAKISTAN,26.04414522,68.94717142,2
2017,PAKISTAN,34.32470691,72.38848695,3
2017,PAKISTAN,25.04114983,67.06352509,3
2017,PAKISTAN,24.75629116,69.79902472,2
2017,PAKISTAN,25.35584747,69.73774203,2
2017,PANAMA,9.0492476,-79.50446164,2
2017,PARAGUAY,-22.7840013,-58.31847341,0
2017,PERU,-5.043137961,-80.72690734,1
2017,PERU,-3.495108837,-80.27052283,2
2017,PHILIPPINES,6.939369583,124.9032215,3
2017,PUERTO RICO,18.20710488,-66.52228471,0
2017,ST MARTIN,18.0712484,-63.04653098,0
2017,TAIWAN,23.0021771,120.2007102,2
2017,USA,25.76518025,-80.23529191,2
2018,BRAZIL,-4.692413248,-39.60264623,2
2018,BRAZIL,-2.44112863,-54.71267615,3
2018,BRAZIL,-15.64997365,-56.13838568,3
2018,ECUADOR,-1.199909443,-78.38125912,0
2018,INDIA,18.53535865,73.8499203,2
2018,ITALY,41.92604919,12.6799975,2
2018,KENYA,-4.020819591,39.62657781,3
2018,KENYA,-3.508827465,39.91242835,2
2018,KENYA,-4.024093337,39.68557849,3
2018,KENYA,-2.213700168,40.88913581,2
2018,KENYA,-4.084079471,39.65921869,3
2018,KENYA,-4.042596624,39.66440732,1
2018,KENYA,-4.053052639,39.66524188,3
2018,KENYA,-4.051013548,39.69781719,3
2018,MEXICO,18.68643955,-99.11806278,1
2018,PAKISTAN,24.89110651,66.99926805,2
2018,PARAGUAY,-23.27423489,-58.97556816,0
2018,PERU,-5.043137961,-80.72690734,0
2019,BRAZIL,-22.84454647,-43.32332613,-999
2019,BRAZIL,-22.87251259,-43.33662687,-999
2019,BRAZIL,-22.82104664,-43.39761054,-999
2019,BRAZIL,-22.81250793,-43.36285222,-999
2019,BRAZIL,-22.51149436,-43.18536245,1
2019,BRAZIL,-17.75216789,-44.71617437,1
2020,BRAZIL,-8.344484821,-38.13412586,1
2019,COLOMBIA,0.472514703,-75.85791695,1
2019,COLOMBIA,5.026996809,-74.03882586,1
2019,COLOMBIA,6.656998067,-73.67487346,1
2019,COLOMBIA,4.099023999,-75.17171829,1
2019,COLOMBIA,3.805481032,-76.64815593,1
2019,COLOMBIA,6.249073705,-75.59095954,1
2019,ETHIOPIA,9.601823131,41.85134637,2
2019,SUDAN,14.88403487,33.42802758,1
2019,SUDAN,11.47292577,26.36041269,1
2019,SUDAN,15.45995065,36.40399147,1
2019,SUDAN,13.56811164,33.56615054,1
2019,SUDAN,12.84943873,22.99734391,1
2019,SUDAN,13.23912504,32.52807802,1
2019,DJBOUTI,11.77244428,42.59975879,0
2019,MYANMAR,16.84895277,96.17263763,2
2019,MYANMAR,19.76622161,96.07707898,2
2019,MYANMAR,22.04032884,98.09244042,1
2019,MYANMAR,21.17205633,94.85898977,2
2019,MYANMAR,20.65998722,96.93414722,2
2019,MYANMAR,16.87666605,97.6446837,2
2019,MYANMAR,16.4562015,97.64373725,2
2019,MYANMAR,15.2492419,97.85288576,-999
2019,MYANMAR,21.96486414,96.08268855,2
2019,MYANMAR,20.56207488,96.91713356,2
2019,MYANMAR,20.93727141,96.66625506,-999
2019,MYANMAR,16.29983935,97.68641465,1
2019,MYANMAR,18.46845237,94.3408007,2
2019,THAILAND,6.708886621,101.411253,1
2019,THAILAND,10.02279632,98.6773391,1
2019,THAILAND,16.93126861,99.00495468,1
2019,THAILAND,7.978067839,98.33624901,1
2019,THAILAND,6.915191101,100.5055483,1
2020,PHILIPPINES,10.77380485,122.5455239,-999
2020,PHILIPPINES,10.77108261,122.5398959,-999
2020,PHILIPPINES,6.41074983,124.9431806,-999
2019,MALDIVES,3.60767397,72.9554307,-999
2020,BRAZIL,-17.22076218,-46.87500293,1
2020,MALAYSIA,4.310149445,101.1508218,2
2020,MALAYSIA,4.821506127,100.729585,2
2020,MALAYSIA,4.56920862,101.096728,2
2020,YEMEN,12.78317062,45.02174637,2
2020,BRAZIL,-12.25983116,-41.50022035,1
2020,BRAZIL,-19.68606851,-40.62676665,1
2020,BRAZIL,-22.93285763,-43.41717597,1
2020,BRAZIL,-12.24392794,-41.59835224,1
2020,BRAZIL,-12.5717523,-56.05173588,1
2020,BRAZIL,-7.185859951,-36.75261869,1
2020,BRAZIL,-5.707149906,-36.31997352,1
2020,BRAZIL,-8.366224256,-38.02426259,1
2020,BRAZIL,-4.660516781,-39.56062102,1
2020,BRAZIL,-23.18652717,-46.88988012,2
2020,THAILAND,12.61030696,102.1118774,1
2020,THAILAND,15.35861137,99.4789355,1
2020,THAILAND,18.18005271,98.94370596,1
2020,THAILAND,12.87411666,101.3941959,1
2020,CAMBODIA,13.44256912,103.9101335,1
2020,CAMBODIA,13.73536041,103.0120628,1
2020,CAMBODIA,13.88978404,105.0408796,1
2020,CAMBODIA,12.78103282,105.0201986,1
2020,CAMBODIA,13.66093125,102.6560226,2
2020,CAMBODIA,13.71964227,103.047095,1
2020,INDONESIA,-6.937754575,106.9296709,2
2020,INDIA,28.69440255,77.23052911,1
2020,CHAD,13.82858341,20.83506273,2
2020,THAILAND,12.6089668,102.0940246,1
2020,THAILAND,15.33212476,99.42949702,1
2020,THAILAND,18.2374517,98.92997305,1
2020,THAILAND,12.80850841,101.3584903,1
2020,THAILAND,17.43321548,101.7042817,1
2020,CAMBODIA,13.70334177,103.0642478,1
2020,CAMBODIA,11.54448241,105.0408587,2
2020,MALAYSIA,5.364696499,100.555756,2
2020,COSTA RICA,10.45412654,-84.19632087,0
2020,CHAD,13.83500895,20.83926796,2
2020,CHAD,14.52572039,20.92547891,2
2020,CHAD,12.22505891,21.41306157,2
2020,SUDAN,13.41830027,22.68490691,1
2020,BRAZIL,-24.95503912,-53.47269703,2
2020,DEMOCRATIC REPUBLIC OF THE CONGO,-4.809272015,17.04125389,2
2021,BOLIVIA,-16.74149322,-64.74864707,0
2021,BRAZIL,-8.355940112,-56.82628874,0
2021,COLOMBIA,3.360121415,-73.35989548,0
2021,COSTA RICA,10.45412654,-84.19632087,0
2021,EL SALVADOR,13.73233301,-88.6097716,0
2021,GUATEMALA,15.66629779,-90.41152934,0
2021,MEXICO,23.76468854,-102.9763608,0
2021,NICARAGUA,12.73450905,-85.21418083,0
2021,PARAGUAY,-23.26159148,-58.70336964,0
2021,VENEZUELA,7.113209919,-66.11710768,0
2021,PERU,-13.5330137,-71.96534373,2
2021,PERU,-5.178553293,-80.65805212,2
2021,BRAZIL,-23.99526042,-46.25819435,2
2021,BRAZIL,-23.96277332,-46.32990669,2
2021,BRAZIL,-23.96053401,-46.39885281,2
2021,BRAZIL,-16.6807011,-49.27818336,2
2021,BRAZIL,-26.29638919,-48.85579663,2
2021,BRAZIL,-8.057804848,-34.89081588,2
,,,,
,,,,
,,,,
,,,,
,,,,
,,,,
,,,,
,,,,
,,,,
,,,,
,,,,
,,,,
,,,,
,,,,
,,,,
,,,,
,,,,
,,,,
,,,,
,,,,
,,,,
,,,,
,,,,
,,,,
,,,,
,,,,
,,,,
,,,,
,,,,
,,,,
,,,,
2021,BRAZIL,-22.28063655,-49.29541016,1
2021,BRAZIL,-24.69983728,-51.13736813,1
2021,BRAZIL,-8.337864657,-37.73922648,1
2021,CAMBODIA,13.86958122,107.0703931,1
2021,CAMBODIA,12.6964391,107.0175166,1
2021,CAMBODIA,12.84458357,103.1638039,1
2021,CAMBODIA,12.76096206,106.1310607,1
2021,PHILIPPINES,13.13450038,121.4092444,1
2021,INDIA,17.70395694,83.23786226,2
2021,INDIA,30.90238837,75.86353748,2
2021,INDIA,18.52720775,73.85094869,2
2021,INDIA,21.14858413,79.08795729,2
2021,INDIA,20.70289343,77.00904421,2
2021,INDIA,22.31319612,73.1830419,2
2021,INDIA,23.1809465,70.92626855,1
2021,BRAZIL,-9.388934357,-54.1120963,0
2021,INDIA,23.05114424,72.59346719,2
2021,INDIA,28.81935342,77.23287569,1
2021,INDIA,25.83886461,86.25848847,1
2021,INDIA,19.53051532,75.82870372,1
2021,BRAZIL,-15.28502001,-49.87624894,1
